Order_ID,Date,Product,Category,Region,Quantity,Price,Revenue
1001,2024-01-01,Monitor,Accessories,East,4,3000,12000
1002,2024-01-02,Printer,Electronics,South,5,12000,60000
1003,2024-01-03,Keyboard,Accessories,West,4,3000,12000
1004,2024-01-04,Printer,Accessories,South,2,500,1000
1005,2024-01-05,Printer,Electronics,South,4,12000,48000
1006,2024-01-06,Mouse,Accessories,North,1,25000,25000
1007,2024-01-07,Keyboard,Accessories,North,2,3000,6000
1008,2024-01-08,Keyboard,Accessories,West,2,25000,50000
1009,2024-01-09,Keyboard,Electronics,East,5,1500,7500
1010,2024-01-10,Printer,Accessories,South,3,3000,9000
1011,2024-01-11,Monitor,Accessories,West,2,12000,24000
1012,2024-01-12,Keyboard,Accessories,North,3,3000,9000
1013,2024-01-13,Headphones,Electronics,South,4,25000,100000
1014,2024-01-14,Printer,Accessories,East,1,500,500
1015,2024-01-15,Mouse,Electronics,North,5,3000,15000
1016,2024-01-16,Monitor,Electronics,North,3,12000,36000
1017,2024-01-17,Headphones,Electronics,North,2,1500,3000
1018,2024-01-18,Headphones,Electronics,West,3,55000,165000
1019,2024-01-19,Mouse,Electronics,East,2,500,1000
1020,2024-01-20,Monitor,Electronics,South,3,1500,4500
1021,2024-01-21,Printer,Accessories,West,2,3000,6000
1022,2024-01-22,Laptop,Electronics,West,4,25000,100000
1023,2024-01-23,Monitor,Accessories,West,2,25000,50000
1024,2024-01-24,Mouse,Accessories,North,2,12000,24000
1025,2024-01-25,Headphones,Electronics,East,1,25000,25000
1026,2024-01-26,Printer,Accessories,West,2,500,1000
1027,2024-01-27,Monitor,Accessories,South,1,25000,25000
1028,2024-01-28,Laptop,Accessories,East,5,12000,60000
1029,2024-01-29,Laptop,Accessories,South,1,55000,55000
1030,2024-01-30,Keyboard,Electronics,East,4,3000,12000
1031,2024-01-31,Keyboard,Accessories,South,1,3000,3000
1032,2024-02-01,Mouse,Electronics,North,5,25000,125000
1033,2024-02-02,Monitor,Accessories,West,4,1500,6000
1034,2024-02-03,Monitor,Accessories,South,3,3000,9000
1035,2024-02-04,Headphones,Electronics,East,3,55000,165000
1036,2024-02-05,Headphones,Accessories,West,1,25000,25000
1037,2024-02-06,Headphones,Accessories,West,1,12000,12000
1038,2024-02-07,Keyboard,Accessories,East,5,55000,275000
1039,2024-02-08,Monitor,Electronics,South,5,25000,125000
1040,2024-02-09,Monitor,Accessories,North,2,55000,110000
1041,2024-02-10,Laptop,Electronics,North,5,3000,15000
1042,2024-02-11,Keyboard,Accessories,South,2,12000,24000
1043,2024-02-12,Printer,Electronics,West,4,25000,100000
1044,2024-02-13,Keyboard,Electronics,West,1,500,500
1045,2024-02-14,Printer,Accessories,West,4,12000,48000
1046,2024-02-15,Laptop,Accessories,West,5,500,2500
1047,2024-02-16,Mouse,Electronics,South,4,55000,220000
1048,2024-02-17,Monitor,Electronics,West,4,1500,6000
1049,2024-02-18,Laptop,Accessories,East,4,12000,48000
1050,2024-02-19,Monitor,Electronics,West,5,55000,275000
1051,2024-02-20,Headphones,Accessories,North,4,500,2000
1052,2024-02-21,Mouse,Accessories,West,2,3000,6000
1053,2024-02-22,Mouse,Accessories,South,5,3000,15000
1054,2024-02-23,Laptop,Accessories,North,4,1500,6000
1055,2024-02-24,Mouse,Electronics,South,5,12000,60000
1056,2024-02-25,Printer,Accessories,South,3,12000,36000
1057,2024-02-26,Mouse,Electronics,North,2,12000,24000
1058,2024-02-27,Monitor,Accessories,South,4,55000,220000
1059,2024-02-28,Monitor,Electronics,South,3,1500,4500
1060,2024-02-29,Monitor,Accessories,West,3,12000,36000
1061,2024-03-01,Monitor,Electronics,East,5,55000,275000
1062,2024-03-02,Printer,Electronics,South,3,3000,9000
1063,2024-03-03,Keyboard,Accessories,South,2,500,1000
1064,2024-03-04,Headphones,Accessories,South,2,55000,110000
1065,2024-03-05,Laptop,Accessories,West,1,3000,3000
1066,2024-03-06,Monitor,Accessories,East,2,3000,6000
1067,2024-03-07,Mouse,Electronics,North,3,500,1500
1068,2024-03-08,Monitor,Accessories,West,2,3000,6000
1069,2024-03-09,Mouse,Electronics,West,5,1500,7500
1070,2024-03-10,Headphones,Electronics,East,1,500,500
1071,2024-03-11,Headphones,Accessories,East,3,3000,9000
1072,2024-03-12,Headphones,Electronics,West,1,25000,25000
1073,2024-03-13,Mouse,Electronics,North,3,55000,165000
1074,2024-03-14,Monitor,Electronics,West,5,3000,15000
1075,2024-03-15,Headphones,Electronics,East,1,1500,1500
1076,2024-03-16,Printer,Accessories,North,4,12000,48000
1077,2024-03-17,Mouse,Accessories,East,3,3000,9000
1078,2024-03-18,Mouse,Accessories,North,4,12000,48000
1079,2024-03-19,Monitor,Accessories,South,1,25000,25000
1080,2024-03-20,Mouse,Electronics,East,4,3000,12000
1081,2024-03-21,Mouse,Electronics,East,4,500,2000
1082,2024-03-22,Headphones,Accessories,West,1,12000,12000
1083,2024-03-23,Monitor,Accessories,East,5,25000,125000
1084,2024-03-24,Headphones,Accessories,East,4,500,2000
1085,2024-03-25,Headphones,Electronics,South,4,500,2000
1086,2024-03-26,Monitor,Accessories,East,5,500,2500
1087,2024-03-27,Laptop,Accessories,South,4,500,2000
1088,2024-03-28,Headphones,Accessories,South,4,3000,12000
1089,2024-03-29,Printer,Electronics,South,4,55000,220000
1090,2024-03-30,Printer,Electronics,South,2,3000,6000
1091,2024-03-31,Mouse,Electronics,North,5,3000,15000
1092,2024-04-01,Printer,Electronics,West,4,25000,100000
1093,2024-04-02,Mouse,Electronics,North,5,25000,125000
1094,2024-04-03,Laptop,Electronics,East,3,55000,165000
1095,2024-04-04,Monitor,Electronics,North,3,25000,75000
1096,2024-04-05,Monitor,Electronics,North,4,1500,6000
1097,2024-04-06,Monitor,Accessories,East,5,55000,275000
1098,2024-04-07,Printer,Accessories,East,5,25000,125000
1099,2024-04-08,Laptop,Electronics,East,5,55000,275000
1100,2024-04-09,Printer,Electronics,North,2,3000,6000
1101,2024-04-10,Printer,Accessories,North,3,3000,9000
1102,2024-04-11,Laptop,Electronics,East,5,55000,275000
1103,2024-04-12,Laptop,Electronics,West,5,1500,7500
1104,2024-04-13,Laptop,Electronics,West,2,1500,3000
1105,2024-04-14,Laptop,Accessories,South,2,55000,110000
1106,2024-04-15,Monitor,Accessories,East,5,25000,125000
1107,2024-04-16,Keyboard,Accessories,South,1,12000,12000
1108,2024-04-17,Keyboard,Accessories,West,5,1500,7500
1109,2024-04-18,Laptop,Accessories,South,5,500,2500
1110,2024-04-19,Keyboard,Electronics,East,2,3000,6000
1111,2024-04-20,Keyboard,Accessories,East,2,55000,110000
1112,2024-04-21,Laptop,Electronics,East,5,500,2500
1113,2024-04-22,Keyboard,Electronics,North,5,55000,275000
1114,2024-04-23,Printer,Accessories,South,5,3000,15000
1115,2024-04-24,Mouse,Accessories,West,2,3000,6000
1116,2024-04-25,Mouse,Electronics,West,5,1500,7500
1117,2024-04-26,Laptop,Electronics,West,5,1500,7500
1118,2024-04-27,Monitor,Electronics,North,4,500,2000
1119,2024-04-28,Laptop,Accessories,North,1,55000,55000
1120,2024-04-29,Monitor,Accessories,East,3,3000,9000
1121,2024-04-30,Mouse,Accessories,West,1,500,500
1122,2024-05-01,Laptop,Accessories,North,4,12000,48000
1123,2024-05-02,Headphones,Accessories,East,3,500,1500
1124,2024-05-03,Printer,Electronics,West,5,25000,125000
1125,2024-05-04,Keyboard,Accessories,South,4,500,2000
1126,2024-05-05,Monitor,Electronics,East,5,25000,125000
1127,2024-05-06,Headphones,Electronics,North,2,25000,50000
1128,2024-05-07,Keyboard,Electronics,North,4,25000,100000
1129,2024-05-08,Keyboard,Accessories,East,2,12000,24000
1130,2024-05-09,Laptop,Accessories,East,4,500,2000
1131,2024-05-10,Keyboard,Accessories,North,4,500,2000
1132,2024-05-11,Printer,Electronics,South,2,12000,24000
1133,2024-05-12,Headphones,Electronics,West,3,3000,9000
1134,2024-05-13,Keyboard,Electronics,South,1,1500,1500
1135,2024-05-14,Laptop,Electronics,East,5,500,2500
1136,2024-05-15,Printer,Electronics,South,4,1500,6000
1137,2024-05-16,Mouse,Electronics,North,5,55000,275000
1138,2024-05-17,Headphones,Accessories,East,2,55000,110000
1139,2024-05-18,Keyboard,Accessories,West,5,12000,60000
1140,2024-05-19,Laptop,Accessories,North,2,55000,110000
1141,2024-05-20,Mouse,Accessories,North,5,55000,275000
1142,2024-05-21,Mouse,Electronics,West,1,3000,3000
1143,2024-05-22,Monitor,Electronics,West,1,3000,3000
1144,2024-05-23,Printer,Accessories,South,1,3000,3000
1145,2024-05-24,Keyboard,Electronics,East,1,55000,55000
1146,2024-05-25,Laptop,Accessories,West,1,12000,12000
1147,2024-05-26,Monitor,Accessories,West,1,25000,25000
1148,2024-05-27,Printer,Accessories,East,2,25000,50000
1149,2024-05-28,Monitor,Electronics,West,4,1500,6000
1150,2024-05-29,Headphones,Accessories,West,5,25000,125000
1151,2024-05-30,Printer,Accessories,South,1,25000,25000
1152,2024-05-31,Printer,Accessories,North,2,3000,6000
1153,2024-06-01,Keyboard,Electronics,North,2,3000,6000
1154,2024-06-02,Printer,Electronics,North,2,55000,110000
1155,2024-06-03,Monitor,Accessories,North,4,1500,6000
1156,2024-06-04,Printer,Electronics,West,5,500,2500
1157,2024-06-05,Keyboard,Electronics,East,4,1500,6000
1158,2024-06-06,Keyboard,Electronics,East,3,1500,4500
1159,2024-06-07,Headphones,Electronics,South,2,12000,24000
1160,2024-06-08,Monitor,Electronics,South,3,55000,165000
1161,2024-06-09,Mouse,Electronics,West,1,12000,12000
1162,2024-06-10,Mouse,Electronics,East,1,1500,1500
1163,2024-06-11,Printer,Electronics,East,4,1500,6000
1164,2024-06-12,Headphones,Electronics,North,5,1500,7500
1165,2024-06-13,Laptop,Electronics,West,3,25000,75000
1166,2024-06-14,Printer,Accessories,West,5,12000,60000
1167,2024-06-15,Headphones,Accessories,North,4,1500,6000
1168,2024-06-16,Monitor,Electronics,West,1,3000,3000
1169,2024-06-17,Monitor,Accessories,West,5,55000,275000
1170,2024-06-18,Monitor,Accessories,South,5,55000,275000
1171,2024-06-19,Monitor,Electronics,East,1,3000,3000
1172,2024-06-20,Monitor,Electronics,West,3,55000,165000
1173,2024-06-21,Headphones,Electronics,South,1,25000,25000
1174,2024-06-22,Headphones,Accessories,East,5,25000,125000
1175,2024-06-23,Keyboard,Accessories,North,3,500,1500
1176,2024-06-24,Mouse,Electronics,South,3,500,1500
1177,2024-06-25,Monitor,Electronics,South,1,500,500
1178,2024-06-26,Laptop,Electronics,East,5,55000,275000
1179,2024-06-27,Headphones,Accessories,North,4,25000,100000
1180,2024-06-28,Laptop,Accessories,South,5,25000,125000
1181,2024-06-29,Laptop,Accessories,West,2,25000,50000
1182,2024-06-30,Laptop,Accessories,West,4,3000,12000
1183,2024-07-01,Keyboard,Electronics,West,3,25000,75000
1184,2024-07-02,Headphones,Electronics,North,4,3000,12000
1185,2024-07-03,Laptop,Electronics,South,3,500,1500
1186,2024-07-04,Monitor,Electronics,West,3,500,1500
1187,2024-07-05,Printer,Accessories,North,4,55000,220000
1188,2024-07-06,Laptop,Accessories,West,3,500,1500
1189,2024-07-07,Keyboard,Electronics,East,3,55000,165000
1190,2024-07-08,Headphones,Electronics,South,2,1500,3000
1191,2024-07-09,Keyboard,Accessories,South,5,1500,7500
1192,2024-07-10,Laptop,Electronics,North,5,12000,60000
1193,2024-07-11,Headphones,Accessories,North,2,55000,110000
1194,2024-07-12,Printer,Electronics,South,4,12000,48000
1195,2024-07-13,Laptop,Electronics,West,1,12000,12000
1196,2024-07-14,Keyboard,Electronics,West,1,1500,1500
1197,2024-07-15,Mouse,Electronics,East,1,55000,55000
1198,2024-07-16,Monitor,Electronics,West,2,1500,3000
1199,2024-07-17,Keyboard,Electronics,North,2,12000,24000
1200,2024-07-18,Headphones,Electronics,North,3,55000,165000
1201,2024-07-19,Laptop,Accessories,West,1,12000,12000
1202,2024-07-20,Monitor,Accessories,North,4,25000,100000
1203,2024-07-21,Laptop,Accessories,South,4,55000,220000
1204,2024-07-22,Headphones,Accessories,South,1,55000,55000
1205,2024-07-23,Laptop,Accessories,West,1,12000,12000
1206,2024-07-24,Mouse,Electronics,South,1,25000,25000
1207,2024-07-25,Monitor,Electronics,South,2,3000,6000
1208,2024-07-26,Monitor,Accessories,East,2,1500,3000
1209,2024-07-27,Headphones,Electronics,East,2,12000,24000
1210,2024-07-28,Mouse,Accessories,South,5,55000,275000
1211,2024-07-29,Keyboard,Accessories,West,4,1500,6000
1212,2024-07-30,Laptop,Electronics,East,4,1500,6000
1213,2024-07-31,Printer,Electronics,North,3,1500,4500
1214,2024-08-01,Laptop,Electronics,North,2,3000,6000
1215,2024-08-02,Laptop,Accessories,North,5,500,2500
1216,2024-08-03,Keyboard,Electronics,West,5,12000,60000
1217,2024-08-04,Laptop,Accessories,South,4,500,2000
1218,2024-08-05,Mouse,Accessories,North,2,500,1000
1219,2024-08-06,Mouse,Accessories,West,3,500,1500
1220,2024-08-07,Monitor,Electronics,East,2,1500,3000
1221,2024-08-08,Headphones,Electronics,South,1,25000,25000
1222,2024-08-09,Printer,Accessories,East,2,1500,3000
1223,2024-08-10,Laptop,Electronics,West,1,1500,1500
1224,2024-08-11,Laptop,Electronics,North,1,55000,55000
1225,2024-08-12,Keyboard,Electronics,North,3,55000,165000
1226,2024-08-13,Headphones,Accessories,West,4,500,2000
1227,2024-08-14,Mouse,Accessories,North,2,1500,3000
1228,2024-08-15,Printer,Electronics,South,1,500,500
1229,2024-08-16,Monitor,Accessories,West,2,55000,110000
1230,2024-08-17,Mouse,Electronics,East,4,25000,100000
1231,2024-08-18,Headphones,Electronics,West,4,12000,48000
1232,2024-08-19,Monitor,Electronics,South,5,500,2500
1233,2024-08-20,Keyboard,Electronics,South,4,25000,100000
1234,2024-08-21,Keyboard,Accessories,West,3,12000,36000
1235,2024-08-22,Laptop,Accessories,West,1,3000,3000
1236,2024-08-23,Headphones,Accessories,North,5,500,2500
1237,2024-08-24,Printer,Electronics,South,3,500,1500
1238,2024-08-25,Monitor,Electronics,West,2,3000,6000
1239,2024-08-26,Mouse,Electronics,West,1,3000,3000
1240,2024-08-27,Headphones,Accessories,South,4,500,2000
1241,2024-08-28,Headphones,Electronics,West,1,3000,3000
1242,2024-08-29,Keyboard,Accessories,North,2,1500,3000
1243,2024-08-30,Laptop,Accessories,South,5,12000,60000
1244,2024-08-31,Laptop,Accessories,North,5,12000,60000
1245,2024-09-01,Monitor,Accessories,North,5,12000,60000
1246,2024-09-02,Keyboard,Accessories,North,4,1500,6000
1247,2024-09-03,Headphones,Accessories,North,3,3000,9000
1248,2024-09-04,Printer,Electronics,South,3,25000,75000
1249,2024-09-05,Keyboard,Electronics,North,1,3000,3000
1250,2024-09-06,Monitor,Accessories,North,4,500,2000
1251,2024-09-07,Monitor,Accessories,West,5,55000,275000
1252,2024-09-08,Keyboard,Electronics,South,5,12000,60000
1253,2024-09-09,Monitor,Accessories,South,2,3000,6000
1254,2024-09-10,Keyboard,Accessories,East,2,25000,50000
1255,2024-09-11,Mouse,Electronics,South,5,500,2500
1256,2024-09-12,Keyboard,Accessories,South,5,1500,7500
1257,2024-09-13,Keyboard,Accessories,East,4,1500,6000
1258,2024-09-14,Monitor,Accessories,South,3,25000,75000
1259,2024-09-15,Monitor,Electronics,South,2,500,1000
1260,2024-09-16,Laptop,Electronics,South,3,12000,36000
1261,2024-09-17,Laptop,Electronics,South,4,3000,12000
1262,2024-09-18,Mouse,Accessories,East,5,500,2500
1263,2024-09-19,Laptop,Accessories,South,3,1500,4500
1264,2024-09-20,Keyboard,Electronics,South,5,25000,125000
1265,2024-09-21,Monitor,Accessories,East,5,25000,125000
1266,2024-09-22,Laptop,Accessories,West,1,3000,3000
1267,2024-09-23,Laptop,Accessories,North,3,25000,75000
1268,2024-09-24,Mouse,Accessories,West,3,25000,75000
1269,2024-09-25,Headphones,Accessories,East,5,500,2500
1270,2024-09-26,Mouse,Electronics,North,4,12000,48000
1271,2024-09-27,Keyboard,Accessories,East,1,3000,3000
1272,2024-09-28,Monitor,Electronics,East,5,500,2500
1273,2024-09-29,Mouse,Accessories,South,2,12000,24000
1274,2024-09-30,Laptop,Electronics,North,2,500,1000
1275,2024-10-01,Monitor,Accessories,South,1,55000,55000
1276,2024-10-02,Monitor,Electronics,North,4,500,2000
1277,2024-10-03,Laptop,Accessories,East,5,25000,125000
1278,2024-10-04,Mouse,Electronics,East,3,12000,36000
1279,2024-10-05,Laptop,Accessories,West,1,3000,3000
1280,2024-10-06,Headphones,Electronics,North,4,3000,12000
1281,2024-10-07,Monitor,Accessories,South,3,12000,36000
1282,2024-10-08,Printer,Electronics,West,2,25000,50000
1283,2024-10-09,Printer,Electronics,West,2,1500,3000
1284,2024-10-10,Keyboard,Accessories,West,3,500,1500
1285,2024-10-11,Laptop,Accessories,South,1,25000,25000
1286,2024-10-12,Laptop,Electronics,West,2,55000,110000
1287,2024-10-13,Keyboard,Accessories,South,5,12000,60000
1288,2024-10-14,Keyboard,Electronics,West,3,500,1500
1289,2024-10-15,Keyboard,Electronics,South,3,3000,9000
1290,2024-10-16,Monitor,Electronics,East,2,1500,3000
1291,2024-10-17,Headphones,Accessories,East,1,55000,55000
1292,2024-10-18,Laptop,Electronics,East,5,3000,15000
1293,2024-10-19,Monitor,Electronics,East,1,12000,12000
1294,2024-10-20,Keyboard,Accessories,East,4,500,2000
1295,2024-10-21,Laptop,Accessories,West,4,12000,48000
1296,2024-10-22,Monitor,Accessories,West,2,500,1000
1297,2024-10-23,Headphones,Accessories,West,2,25000,50000
1298,2024-10-24,Monitor,Electronics,South,2,1500,3000
1299,2024-10-25,Headphones,Electronics,South,4,25000,100000
1300,2024-10-26,Keyboard,Electronics,South,1,25000,25000
1301,2024-10-27,Headphones,Electronics,South,1,12000,12000
1302,2024-10-28,Laptop,Accessories,East,2,1500,3000
1303,2024-10-29,Keyboard,Electronics,East,5,500,2500
1304,2024-10-30,Laptop,Electronics,East,1,500,500
1305,2024-10-31,Printer,Accessories,North,4,55000,220000
1306,2024-11-01,Mouse,Electronics,West,3,3000,9000
1307,2024-11-02,Headphones,Electronics,South,3,55000,165000
1308,2024-11-03,Mouse,Electronics,South,3,55000,165000
1309,2024-11-04,Mouse,Electronics,East,5,500,2500
1310,2024-11-05,Headphones,Electronics,South,2,12000,24000
1311,2024-11-06,Keyboard,Electronics,South,4,25000,100000
1312,2024-11-07,Printer,Accessories,West,5,25000,125000
1313,2024-11-08,Laptop,Accessories,East,4,25000,100000
1314,2024-11-09,Monitor,Electronics,West,4,1500,6000
1315,2024-11-10,Laptop,Electronics,North,2,500,1000
1316,2024-11-11,Monitor,Accessories,North,3,12000,36000
1317,2024-11-12,Laptop,Electronics,North,2,1500,3000
1318,2024-11-13,Headphones,Electronics,East,5,3000,15000
1319,2024-11-14,Printer,Electronics,South,5,12000,60000
1320,2024-11-15,Monitor,Accessories,East,5,55000,275000
1321,2024-11-16,Keyboard,Electronics,East,2,12000,24000
1322,2024-11-17,Laptop,Accessories,South,4,12000,48000
1323,2024-11-18,Laptop,Electronics,West,4,25000,100000
1324,2024-11-19,Monitor,Accessories,North,1,12000,12000
1325,2024-11-20,Keyboard,Accessories,West,5,55000,275000
1326,2024-11-21,Keyboard,Electronics,North,4,55000,220000
1327,2024-11-22,Headphones,Accessories,East,1,500,500
1328,2024-11-23,Headphones,Electronics,North,4,12000,48000
1329,2024-11-24,Headphones,Accessories,East,5,25000,125000
1330,2024-11-25,Headphones,Electronics,West,3,12000,36000
1331,2024-11-26,Headphones,Electronics,East,5,3000,15000
1332,2024-11-27,Headphones,Accessories,West,2,3000,6000
1333,2024-11-28,Printer,Electronics,South,4,25000,100000
1334,2024-11-29,Keyboard,Electronics,South,4,500,2000
1335,2024-11-30,Headphones,Accessories,South,2,500,1000
1336,2024-12-01,Keyboard,Electronics,East,2,55000,110000
1337,2024-12-02,Keyboard,Electronics,South,3,55000,165000
1338,2024-12-03,Mouse,Accessories,North,4,1500,6000
1339,2024-12-04,Printer,Accessories,West,4,25000,100000
1340,2024-12-05,Headphones,Electronics,West,3,12000,36000
1341,2024-12-06,Laptop,Electronics,North,1,25000,25000
1342,2024-12-07,Monitor,Accessories,East,3,1500,4500
1343,2024-12-08,Laptop,Accessories,East,5,55000,275000
1344,2024-12-09,Printer,Electronics,West,4,25000,100000
1345,2024-12-10,Monitor,Accessories,South,2,25000,50000
1346,2024-12-11,Printer,Electronics,East,5,55000,275000
1347,2024-12-12,Keyboard,Electronics,East,4,1500,6000
1348,2024-12-13,Monitor,Electronics,North,3,55000,165000
1349,2024-12-14,Keyboard,Electronics,North,5,500,2500
1350,2024-12-15,Laptop,Electronics,South,4,12000,48000
1351,2024-12-16,Laptop,Accessories,East,1,55000,55000
1352,2024-12-17,Monitor,Accessories,East,1,1500,1500
1353,2024-12-18,Monitor,Accessories,North,2,3000,6000
1354,2024-12-19,Headphones,Accessories,East,4,500,2000
1355,2024-12-20,Printer,Electronics,West,1,3000,3000
1356,2024-12-21,Headphones,Electronics,North,3,55000,165000
1357,2024-12-22,Printer,Electronics,South,4,500,2000
1358,2024-12-23,Headphones,Electronics,North,3,12000,36000
1359,2024-12-24,Keyboard,Accessories,East,3,55000,165000
1360,2024-12-25,Monitor,Electronics,South,1,12000,12000
1361,2024-12-26,Laptop,Electronics,North,4,25000,100000
1362,2024-12-27,Printer,Accessories,West,5,3000,15000
1363,2024-12-28,Printer,Accessories,West,1,500,500
1364,2024-12-29,Laptop,Accessories,North,1,12000,12000
1365,2024-12-30,Headphones,Accessories,West,4,1500,6000
1366,2024-12-31,Printer,Electronics,West,4,12000,48000
1367,2025-01-01,Keyboard,Electronics,West,3,1500,4500
1368,2025-01-02,Monitor,Accessories,South,4,55000,220000
1369,2025-01-03,Laptop,Electronics,West,3,500,1500
1370,2025-01-04,Monitor,Electronics,West,1,12000,12000
1371,2025-01-05,Printer,Electronics,West,2,12000,24000
1372,2025-01-06,Printer,Accessories,South,5,500,2500
1373,2025-01-07,Laptop,Electronics,North,1,12000,12000
1374,2025-01-08,Keyboard,Accessories,East,4,1500,6000
1375,2025-01-09,Mouse,Electronics,West,5,12000,60000
1376,2025-01-10,Laptop,Electronics,North,2,3000,6000
1377,2025-01-11,Mouse,Electronics,West,2,55000,110000
1378,2025-01-12,Headphones,Accessories,South,3,25000,75000
1379,2025-01-13,Mouse,Electronics,North,5,1500,7500
1380,2025-01-14,Keyboard,Accessories,South,3,3000,9000
1381,2025-01-15,Headphones,Accessories,West,1,55000,55000
1382,2025-01-16,Mouse,Accessories,West,5,500,2500
1383,2025-01-17,Headphones,Electronics,South,1,1500,1500
1384,2025-01-18,Mouse,Electronics,East,3,25000,75000
1385,2025-01-19,Keyboard,Electronics,South,5,55000,275000
1386,2025-01-20,Mouse,Electronics,West,3,25000,75000
1387,2025-01-21,Mouse,Accessories,South,5,500,2500
1388,2025-01-22,Mouse,Accessories,East,3,500,1500
1389,2025-01-23,Laptop,Accessories,South,2,1500,3000
1390,2025-01-24,Laptop,Electronics,East,3,12000,36000
1391,2025-01-25,Laptop,Accessories,East,2,500,1000
1392,2025-01-26,Keyboard,Electronics,South,3,55000,165000
1393,2025-01-27,Headphones,Accessories,South,5,12000,60000
1394,2025-01-28,Printer,Electronics,North,5,3000,15000
1395,2025-01-29,Mouse,Electronics,West,5,25000,125000
1396,2025-01-30,Mouse,Accessories,East,4,12000,48000
1397,2025-01-31,Keyboard,Accessories,North,1,25000,25000
1398,2025-02-01,Mouse,Accessories,South,5,12000,60000
1399,2025-02-02,Laptop,Accessories,West,2,3000,6000
1400,2025-02-03,Printer,Electronics,North,5,500,2500
1401,2025-02-04,Monitor,Accessories,East,4,3000,12000
1402,2025-02-05,Mouse,Accessories,North,2,500,1000
1403,2025-02-06,Laptop,Accessories,East,4,500,2000
1404,2025-02-07,Monitor,Electronics,South,2,25000,50000
1405,2025-02-08,Printer,Electronics,West,3,55000,165000
1406,2025-02-09,Monitor,Accessories,West,1,3000,3000
1407,2025-02-10,Laptop,Electronics,West,1,12000,12000
1408,2025-02-11,Headphones,Accessories,South,4,3000,12000
1409,2025-02-12,Headphones,Electronics,East,1,25000,25000
1410,2025-02-13,Monitor,Electronics,South,4,500,2000
1411,2025-02-14,Keyboard,Electronics,West,4,25000,100000
1412,2025-02-15,Monitor,Electronics,South,4,1500,6000
1413,2025-02-16,Mouse,Accessories,South,1,1500,1500
1414,2025-02-17,Mouse,Accessories,South,4,12000,48000
1415,2025-02-18,Headphones,Accessories,East,1,25000,25000
1416,2025-02-19,Keyboard,Electronics,North,4,12000,48000
1417,2025-02-20,Laptop,Accessories,North,5,12000,60000
1418,2025-02-21,Mouse,Accessories,South,4,1500,6000
1419,2025-02-22,Headphones,Accessories,North,2,12000,24000
1420,2025-02-23,Printer,Electronics,North,4,1500,6000
1421,2025-02-24,Headphones,Electronics,South,3,500,1500
1422,2025-02-25,Mouse,Electronics,South,4,25000,100000
1423,2025-02-26,Mouse,Accessories,West,2,12000,24000
1424,2025-02-27,Headphones,Accessories,North,2,1500,3000
1425,2025-02-28,Laptop,Accessories,East,1,3000,3000
1426,2025-03-01,Monitor,Electronics,South,5,12000,60000
1427,2025-03-02,Mouse,Electronics,West,4,55000,220000
1428,2025-03-03,Headphones,Accessories,East,1,500,500
1429,2025-03-04,Headphones,Electronics,North,5,500,2500
1430,2025-03-05,Keyboard,Electronics,West,4,3000,12000
1431,2025-03-06,Monitor,Electronics,South,3,1500,4500
1432,2025-03-07,Printer,Electronics,East,4,12000,48000
1433,2025-03-08,Laptop,Accessories,South,2,1500,3000
1434,2025-03-09,Printer,Electronics,North,2,500,1000
1435,2025-03-10,Monitor,Electronics,East,3,1500,4500
1436,2025-03-11,Monitor,Electronics,North,1,500,500
1437,2025-03-12,Monitor,Electronics,North,5,1500,7500
1438,2025-03-13,Printer,Accessories,West,4,3000,12000
1439,2025-03-14,Monitor,Accessories,South,2,25000,50000
1440,2025-03-15,Headphones,Electronics,East,1,3000,3000
1441,2025-03-16,Printer,Electronics,North,3,3000,9000
1442,2025-03-17,Monitor,Electronics,North,2,25000,50000
1443,2025-03-18,Headphones,Electronics,East,3,25000,75000
1444,2025-03-19,Keyboard,Electronics,North,4,12000,48000
1445,2025-03-20,Monitor,Electronics,West,5,12000,60000
1446,2025-03-21,Printer,Accessories,West,2,3000,6000
1447,2025-03-22,Mouse,Electronics,West,2,3000,6000
1448,2025-03-23,Monitor,Accessories,West,4,500,2000
1449,2025-03-24,Mouse,Accessories,North,1,500,500
1450,2025-03-25,Headphones,Electronics,East,5,12000,60000
1451,2025-03-26,Keyboard,Accessories,East,2,55000,110000
1452,2025-03-27,Laptop,Accessories,East,5,55000,275000
1453,2025-03-28,Keyboard,Accessories,East,2,12000,24000
1454,2025-03-29,Monitor,Accessories,South,5,500,2500
1455,2025-03-30,Mouse,Accessories,East,3,500,1500
1456,2025-03-31,Mouse,Accessories,South,2,55000,110000
1457,2025-04-01,Printer,Electronics,South,5,1500,7500
1458,2025-04-02,Mouse,Accessories,West,1,1500,1500
1459,2025-04-03,Printer,Accessories,South,3,500,1500
1460,2025-04-04,Headphones,Accessories,North,3,1500,4500
1461,2025-04-05,Laptop,Electronics,South,1,25000,25000
1462,2025-04-06,Monitor,Accessories,West,5,12000,60000
1463,2025-04-07,Printer,Electronics,South,4,12000,48000
1464,2025-04-08,Laptop,Accessories,North,1,500,500
1465,2025-04-09,Mouse,Electronics,North,5,3000,15000
1466,2025-04-10,Mouse,Electronics,North,1,55000,55000
1467,2025-04-11,Laptop,Accessories,West,1,500,500
1468,2025-04-12,Mouse,Accessories,West,2,1500,3000
1469,2025-04-13,Headphones,Electronics,East,5,55000,275000
1470,2025-04-14,Headphones,Accessories,West,4,3000,12000
1471,2025-04-15,Laptop,Electronics,North,2,1500,3000
1472,2025-04-16,Printer,Electronics,North,1,25000,25000
1473,2025-04-17,Printer,Electronics,West,1,1500,1500
1474,2025-04-18,Laptop,Electronics,South,1,25000,25000
1475,2025-04-19,Printer,Electronics,West,5,55000,275000
1476,2025-04-20,Printer,Accessories,West,5,25000,125000
1477,2025-04-21,Headphones,Electronics,North,2,55000,110000
1478,2025-04-22,Printer,Electronics,East,4,55000,220000
1479,2025-04-23,Keyboard,Accessories,North,2,55000,110000
1480,2025-04-24,Monitor,Electronics,East,3,55000,165000
1481,2025-04-25,Mouse,Accessories,North,1,55000,55000
1482,2025-04-26,Keyboard,Accessories,West,1,1500,1500
1483,2025-04-27,Printer,Accessories,North,1,55000,55000
1484,2025-04-28,Headphones,Electronics,North,2,1500,3000
1485,2025-04-29,Laptop,Electronics,North,2,55000,110000
1486,2025-04-30,Printer,Electronics,West,1,25000,25000
1487,2025-05-01,Headphones,Accessories,West,2,55000,110000
1488,2025-05-02,Monitor,Electronics,West,5,3000,15000
1489,2025-05-03,Printer,Accessories,West,5,55000,275000
1490,2025-05-04,Laptop,Electronics,East,2,55000,110000
1491,2025-05-05,Headphones,Accessories,East,1,25000,25000
1492,2025-05-06,Headphones,Electronics,South,2,12000,24000
1493,2025-05-07,Headphones,Electronics,West,2,25000,50000
1494,2025-05-08,Monitor,Electronics,East,2,3000,6000
1495,2025-05-09,Printer,Accessories,North,3,12000,36000
1496,2025-05-10,Monitor,Accessories,West,5,500,2500
1497,2025-05-11,Mouse,Electronics,South,4,500,2000
1498,2025-05-12,Mouse,Electronics,South,4,3000,12000
1499,2025-05-13,Printer,Accessories,South,3,25000,75000
1500,2025-05-14,Monitor,Accessories,North,2,1500,3000
1501,2025-05-15,Laptop,Accessories,East,3,3000,9000
1502,2025-05-16,Headphones,Electronics,North,3,12000,36000
1503,2025-05-17,Headphones,Accessories,West,1,12000,12000
1504,2025-05-18,Printer,Electronics,South,5,55000,275000
1505,2025-05-19,Mouse,Accessories,North,4,500,2000
1506,2025-05-20,Mouse,Electronics,North,2,12000,24000
1507,2025-05-21,Headphones,Accessories,East,4,3000,12000
1508,2025-05-22,Printer,Accessories,East,4,12000,48000
1509,2025-05-23,Monitor,Accessories,South,5,3000,15000
1510,2025-05-24,Mouse,Accessories,North,4,1500,6000
1511,2025-05-25,Monitor,Accessories,North,4,55000,220000
1512,2025-05-26,Mouse,Electronics,East,3,500,1500
1513,2025-05-27,Mouse,Accessories,North,5,12000,60000
1514,2025-05-28,Keyboard,Accessories,North,1,3000,3000
1515,2025-05-29,Mouse,Accessories,North,2,25000,50000
1516,2025-05-30,Laptop,Electronics,East,4,500,2000
1517,2025-05-31,Printer,Accessories,South,2,1500,3000
1518,2025-06-01,Printer,Electronics,West,1,3000,3000
1519,2025-06-02,Monitor,Accessories,South,2,55000,110000
1520,2025-06-03,Mouse,Accessories,West,1,55000,55000
1521,2025-06-04,Laptop,Electronics,North,3,1500,4500
1522,2025-06-05,Monitor,Accessories,South,4,1500,6000
1523,2025-06-06,Keyboard,Electronics,West,1,55000,55000
1524,2025-06-07,Monitor,Electronics,East,2,12000,24000
1525,2025-06-08,Monitor,Accessories,East,4,12000,48000
1526,2025-06-09,Mouse,Electronics,South,3,3000,9000
1527,2025-06-10,Keyboard,Accessories,South,4,25000,100000
1528,2025-06-11,Monitor,Accessories,North,1,3000,3000
1529,2025-06-12,Laptop,Electronics,South,3,25000,75000
1530,2025-06-13,Laptop,Electronics,North,2,1500,3000
1531,2025-06-14,Printer,Electronics,North,3,500,1500
1532,2025-06-15,Keyboard,Electronics,East,3,3000,9000
1533,2025-06-16,Keyboard,Accessories,East,5,3000,15000
1534,2025-06-17,Printer,Accessories,West,3,25000,75000
1535,2025-06-18,Monitor,Electronics,East,3,1500,4500
1536,2025-06-19,Keyboard,Accessories,East,4,1500,6000
1537,2025-06-20,Laptop,Accessories,South,2,25000,50000
1538,2025-06-21,Laptop,Accessories,East,4,1500,6000
1539,2025-06-22,Mouse,Accessories,West,4,55000,220000
1540,2025-06-23,Keyboard,Electronics,South,1,12000,12000
1541,2025-06-24,Monitor,Electronics,West,4,55000,220000
1542,2025-06-25,Printer,Accessories,East,5,500,2500
1543,2025-06-26,Printer,Electronics,West,5,3000,15000
1544,2025-06-27,Monitor,Electronics,South,1,500,500
1545,2025-06-28,Headphones,Electronics,North,2,3000,6000
1546,2025-06-29,Mouse,Accessories,West,2,12000,24000
1547,2025-06-30,Printer,Accessories,West,4,1500,6000
1548,2025-07-01,Keyboard,Accessories,South,4,55000,220000
1549,2025-07-02,Mouse,Electronics,South,4,25000,100000
1550,2025-07-03,Keyboard,Accessories,West,2,55000,110000
1551,2025-07-04,Laptop,Accessories,East,3,12000,36000
1552,2025-07-05,Mouse,Electronics,West,5,500,2500
1553,2025-07-06,Printer,Accessories,South,3,25000,75000
1554,2025-07-07,Mouse,Accessories,North,3,1500,4500
1555,2025-07-08,Mouse,Electronics,North,2,12000,24000
1556,2025-07-09,Mouse,Electronics,East,3,25000,75000
1557,2025-07-10,Headphones,Electronics,West,1,12000,12000
1558,2025-07-11,Mouse,Accessories,North,4,12000,48000
1559,2025-07-12,Keyboard,Accessories,West,1,1500,1500
1560,2025-07-13,Laptop,Accessories,South,5,3000,15000
1561,2025-07-14,Monitor,Electronics,North,4,25000,100000
1562,2025-07-15,Mouse,Electronics,East,3,1500,4500
1563,2025-07-16,Printer,Accessories,South,5,12000,60000
1564,2025-07-17,Mouse,Accessories,East,4,1500,6000
1565,2025-07-18,Printer,Electronics,South,3,3000,9000
1566,2025-07-19,Keyboard,Electronics,North,1,55000,55000
1567,2025-07-20,Printer,Electronics,East,4,25000,100000
1568,2025-07-21,Monitor,Electronics,East,3,3000,9000
1569,2025-07-22,Laptop,Accessories,South,1,500,500
1570,2025-07-23,Printer,Electronics,East,5,25000,125000
1571,2025-07-24,Printer,Accessories,South,5,3000,15000
1572,2025-07-25,Laptop,Accessories,South,5,12000,60000
1573,2025-07-26,Monitor,Accessories,South,5,25000,125000
1574,2025-07-27,Mouse,Electronics,South,2,25000,50000
1575,2025-07-28,Printer,Electronics,North,4,1500,6000
1576,2025-07-29,Laptop,Electronics,South,4,12000,48000
1577,2025-07-30,Keyboard,Electronics,West,2,500,1000
1578,2025-07-31,Laptop,Accessories,East,3,55000,165000
1579,2025-08-01,Keyboard,Electronics,West,3,3000,9000
1580,2025-08-02,Monitor,Electronics,North,5,1500,7500
1581,2025-08-03,Mouse,Accessories,West,1,3000,3000
1582,2025-08-04,Laptop,Electronics,East,3,500,1500
1583,2025-08-05,Headphones,Accessories,West,1,500,500
1584,2025-08-06,Printer,Accessories,North,4,25000,100000
1585,2025-08-07,Monitor,Accessories,South,1,500,500
1586,2025-08-08,Laptop,Accessories,West,4,3000,12000
1587,2025-08-09,Printer,Accessories,North,2,12000,24000
1588,2025-08-10,Laptop,Accessories,North,2,12000,24000
1589,2025-08-11,Keyboard,Accessories,East,5,25000,125000
1590,2025-08-12,Laptop,Accessories,East,3,55000,165000
1591,2025-08-13,Headphones,Electronics,West,5,3000,15000
1592,2025-08-14,Laptop,Electronics,South,4,3000,12000
1593,2025-08-15,Laptop,Electronics,North,5,500,2500
1594,2025-08-16,Headphones,Electronics,West,1,3000,3000
1595,2025-08-17,Monitor,Accessories,North,4,1500,6000
1596,2025-08-18,Laptop,Electronics,North,2,55000,110000
1597,2025-08-19,Headphones,Accessories,South,3,500,1500
1598,2025-08-20,Printer,Electronics,South,4,1500,6000
1599,2025-08-21,Keyboard,Electronics,West,4,25000,100000
1600,2025-08-22,Keyboard,Electronics,South,1,12000,12000
1601,2025-08-23,Laptop,Accessories,South,3,25000,75000
1602,2025-08-24,Monitor,Electronics,West,2,12000,24000
1603,2025-08-25,Monitor,Accessories,South,4,25000,100000
1604,2025-08-26,Printer,Accessories,East,4,3000,12000
1605,2025-08-27,Laptop,Electronics,North,1,1500,1500
1606,2025-08-28,Keyboard,Electronics,North,5,12000,60000
1607,2025-08-29,Monitor,Electronics,North,2,500,1000
1608,2025-08-30,Laptop,Accessories,North,3,1500,4500
1609,2025-08-31,Monitor,Electronics,West,4,500,2000
1610,2025-09-01,Headphones,Accessories,North,4,1500,6000
1611,2025-09-02,Monitor,Accessories,North,2,1500,3000
1612,2025-09-03,Keyboard,Electronics,North,5,25000,125000
1613,2025-09-04,Mouse,Electronics,North,4,12000,48000
1614,2025-09-05,Printer,Accessories,East,2,12000,24000
1615,2025-09-06,Printer,Accessories,North,1,1500,1500
1616,2025-09-07,Keyboard,Accessories,East,5,3000,15000
1617,2025-09-08,Monitor,Electronics,West,3,3000,9000
1618,2025-09-09,Laptop,Accessories,South,4,500,2000
1619,2025-09-10,Monitor,Electronics,North,2,500,1000
1620,2025-09-11,Keyboard,Accessories,South,1,25000,25000
1621,2025-09-12,Printer,Accessories,South,3,1500,4500
1622,2025-09-13,Monitor,Electronics,West,2,500,1000
1623,2025-09-14,Printer,Accessories,South,2,500,1000
1624,2025-09-15,Laptop,Electronics,East,3,55000,165000
1625,2025-09-16,Printer,Electronics,South,1,1500,1500
1626,2025-09-17,Printer,Accessories,South,1,25000,25000
1627,2025-09-18,Mouse,Electronics,South,5,500,2500
1628,2025-09-19,Mouse,Electronics,North,4,25000,100000
1629,2025-09-20,Headphones,Accessories,North,3,12000,36000
1630,2025-09-21,Mouse,Electronics,East,3,25000,75000
1631,2025-09-22,Printer,Electronics,East,3,3000,9000
1632,2025-09-23,Keyboard,Electronics,North,1,3000,3000
1633,2025-09-24,Printer,Accessories,East,4,25000,100000
1634,2025-09-25,Keyboard,Electronics,North,5,3000,15000
1635,2025-09-26,Keyboard,Accessories,West,2,12000,24000
1636,2025-09-27,Mouse,Accessories,South,2,1500,3000
1637,2025-09-28,Monitor,Electronics,South,3,3000,9000
1638,2025-09-29,Laptop,Electronics,East,4,3000,12000
1639,2025-09-30,Mouse,Electronics,North,1,25000,25000
1640,2025-10-01,Mouse,Accessories,North,4,12000,48000
1641,2025-10-02,Monitor,Electronics,East,4,1500,6000
1642,2025-10-03,Laptop,Electronics,North,1,25000,25000
1643,2025-10-04,Printer,Electronics,West,3,25000,75000
1644,2025-10-05,Headphones,Electronics,South,4,55000,220000
1645,2025-10-06,Headphones,Electronics,East,2,12000,24000
1646,2025-10-07,Printer,Accessories,East,1,1500,1500
1647,2025-10-08,Mouse,Accessories,North,5,12000,60000
1648,2025-10-09,Laptop,Electronics,East,3,1500,4500
1649,2025-10-10,Mouse,Electronics,West,1,12000,12000
1650,2025-10-11,Keyboard,Electronics,North,5,25000,125000
1651,2025-10-12,Mouse,Electronics,North,5,25000,125000
1652,2025-10-13,Mouse,Accessories,North,4,500,2000
1653,2025-10-14,Printer,Electronics,North,4,3000,12000
1654,2025-10-15,Printer,Accessories,West,4,55000,220000
1655,2025-10-16,Printer,Accessories,North,1,12000,12000
1656,2025-10-17,Headphones,Electronics,East,1,55000,55000
1657,2025-10-18,Keyboard,Accessories,West,3,500,1500
1658,2025-10-19,Printer,Accessories,South,4,3000,12000
1659,2025-10-20,Laptop,Accessories,South,5,12000,60000
1660,2025-10-21,Headphones,Accessories,East,2,1500,3000
1661,2025-10-22,Monitor,Electronics,East,3,3000,9000
1662,2025-10-23,Laptop,Electronics,West,1,25000,25000
1663,2025-10-24,Laptop,Accessories,South,3,500,1500
1664,2025-10-25,Printer,Electronics,South,3,3000,9000
1665,2025-10-26,Monitor,Electronics,South,3,3000,9000
1666,2025-10-27,Monitor,Electronics,South,3,25000,75000
1667,2025-10-28,Headphones,Electronics,South,2,12000,24000
1668,2025-10-29,Monitor,Electronics,North,4,1500,6000
1669,2025-10-30,Keyboard,Accessories,East,5,25000,125000
1670,2025-10-31,Printer,Electronics,North,3,1500,4500
1671,2025-11-01,Monitor,Electronics,South,3,12000,36000
1672,2025-11-02,Headphones,Electronics,West,3,3000,9000
1673,2025-11-03,Keyboard,Electronics,West,4,1500,6000
1674,2025-11-04,Mouse,Accessories,South,1,500,500
1675,2025-11-05,Mouse,Accessories,South,1,500,500
1676,2025-11-06,Keyboard,Accessories,West,2,25000,50000
1677,2025-11-07,Headphones,Accessories,North,1,12000,12000
1678,2025-11-08,Keyboard,Electronics,North,3,25000,75000
1679,2025-11-09,Printer,Accessories,South,3,25000,75000
1680,2025-11-10,Printer,Electronics,North,3,55000,165000
1681,2025-11-11,Mouse,Electronics,West,2,25000,50000
1682,2025-11-12,Monitor,Electronics,North,3,55000,165000
1683,2025-11-13,Headphones,Electronics,South,1,500,500
1684,2025-11-14,Mouse,Electronics,West,4,500,2000
1685,2025-11-15,Monitor,Accessories,North,4,25000,100000
1686,2025-11-16,Monitor,Accessories,East,5,500,2500
1687,2025-11-17,Printer,Accessories,West,1,12000,12000
1688,2025-11-18,Laptop,Accessories,West,3,55000,165000
1689,2025-11-19,Laptop,Electronics,East,4,55000,220000
1690,2025-11-20,Keyboard,Accessories,East,1,25000,25000
1691,2025-11-21,Printer,Electronics,West,4,500,2000
1692,2025-11-22,Monitor,Accessories,East,3,1500,4500
1693,2025-11-23,Headphones,Electronics,South,4,55000,220000
1694,2025-11-24,Laptop,Electronics,South,5,25000,125000
1695,2025-11-25,Monitor,Accessories,South,5,25000,125000
1696,2025-11-26,Laptop,Electronics,West,4,12000,48000
1697,2025-11-27,Laptop,Electronics,East,1,3000,3000
1698,2025-11-28,Laptop,Accessories,East,1,3000,3000
1699,2025-11-29,Headphones,Electronics,North,1,55000,55000
1700,2025-11-30,Printer,Accessories,North,4,12000,48000
1701,2025-12-01,Headphones,Accessories,East,1,12000,12000
1702,2025-12-02,Mouse,Accessories,East,3,12000,36000
1703,2025-12-03,Monitor,Electronics,East,5,55000,275000
1704,2025-12-04,Printer,Electronics,West,3,3000,9000
1705,2025-12-05,Printer,Electronics,East,1,12000,12000
1706,2025-12-06,Printer,Accessories,North,3,500,1500
1707,2025-12-07,Printer,Electronics,West,1,25000,25000
1708,2025-12-08,Headphones,Accessories,East,4,25000,100000
1709,2025-12-09,Printer,Accessories,North,3,1500,4500
1710,2025-12-10,Keyboard,Electronics,West,4,1500,6000
1711,2025-12-11,Monitor,Accessories,East,4,55000,220000
1712,2025-12-12,Printer,Electronics,East,2,55000,110000
1713,2025-12-13,Monitor,Electronics,East,1,25000,25000
1714,2025-12-14,Keyboard,Electronics,West,5,500,2500
1715,2025-12-15,Keyboard,Electronics,North,1,3000,3000
1716,2025-12-16,Monitor,Electronics,North,5,3000,15000
1717,2025-12-17,Laptop,Accessories,South,1,55000,55000
1718,2025-12-18,Mouse,Accessories,East,4,500,2000
1719,2025-12-19,Laptop,Accessories,South,3,55000,165000
1720,2025-12-20,Laptop,Electronics,South,3,3000,9000
1721,2025-12-21,Headphones,Electronics,North,2,55000,110000
1722,2025-12-22,Laptop,Electronics,West,5,12000,60000
1723,2025-12-23,Printer,Accessories,West,5,55000,275000
1724,2025-12-24,Headphones,Electronics,North,5,25000,125000
1725,2025-12-25,Headphones,Accessories,West,4,55000,220000
1726,2025-12-26,Keyboard,Accessories,South,5,25000,125000
1727,2025-12-27,Laptop,Electronics,East,3,500,1500
1728,2025-12-28,Keyboard,Electronics,North,4,3000,12000
1729,2025-12-29,Monitor,Accessories,East,1,1500,1500
1730,2025-12-30,Mouse,Electronics,West,5,1500,7500
1731,2025-12-31,Headphones,Accessories,East,5,3000,15000
1732,2026-01-01,Monitor,Electronics,West,1,1500,1500
1733,2026-01-02,Monitor,Electronics,West,5,55000,275000
1734,2026-01-03,Printer,Accessories,South,1,500,500
1735,2026-01-04,Mouse,Electronics,West,4,500,2000
1736,2026-01-05,Monitor,Accessories,South,3,3000,9000
1737,2026-01-06,Monitor,Electronics,South,1,1500,1500
1738,2026-01-07,Mouse,Accessories,South,2,55000,110000
1739,2026-01-08,Mouse,Accessories,North,1,500,500
1740,2026-01-09,Monitor,Electronics,North,5,500,2500
1741,2026-01-10,Mouse,Accessories,West,4,12000,48000
1742,2026-01-11,Monitor,Electronics,South,4,12000,48000
1743,2026-01-12,Monitor,Electronics,North,1,500,500
1744,2026-01-13,Printer,Electronics,South,3,3000,9000
1745,2026-01-14,Laptop,Accessories,East,2,25000,50000
1746,2026-01-15,Monitor,Accessories,East,4,25000,100000
1747,2026-01-16,Keyboard,Electronics,East,5,55000,275000
1748,2026-01-17,Headphones,Electronics,West,5,500,2500
1749,2026-01-18,Laptop,Accessories,South,3,500,1500
1750,2026-01-19,Laptop,Electronics,East,4,500,2000
1751,2026-01-20,Laptop,Electronics,North,1,3000,3000
1752,2026-01-21,Printer,Accessories,East,5,12000,60000
1753,2026-01-22,Monitor,Electronics,East,3,500,1500
1754,2026-01-23,Printer,Accessories,East,4,500,2000
1755,2026-01-24,Monitor,Electronics,West,4,1500,6000
1756,2026-01-25,Printer,Accessories,North,4,3000,12000
1757,2026-01-26,Printer,Electronics,South,4,55000,220000
1758,2026-01-27,Headphones,Electronics,North,4,500,2000
1759,2026-01-28,Keyboard,Accessories,South,5,1500,7500
1760,2026-01-29,Printer,Electronics,West,3,25000,75000
1761,2026-01-30,Headphones,Accessories,West,4,55000,220000
1762,2026-01-31,Mouse,Electronics,West,2,500,1000
1763,2026-02-01,Keyboard,Accessories,West,2,500,1000
1764,2026-02-02,Printer,Accessories,South,3,1500,4500
1765,2026-02-03,Laptop,Accessories,East,1,3000,3000
1766,2026-02-04,Mouse,Accessories,South,1,500,500
1767,2026-02-05,Mouse,Electronics,North,1,25000,25000
1768,2026-02-06,Headphones,Electronics,West,2,500,1000
1769,2026-02-07,Mouse,Accessories,West,1,25000,25000
1770,2026-02-08,Keyboard,Accessories,North,5,55000,275000
1771,2026-02-09,Printer,Accessories,South,4,55000,220000
1772,2026-02-10,Printer,Electronics,East,2,12000,24000
1773,2026-02-11,Laptop,Electronics,East,3,12000,36000
1774,2026-02-12,Headphones,Electronics,North,3,25000,75000
1775,2026-02-13,Laptop,Electronics,East,4,3000,12000
1776,2026-02-14,Mouse,Accessories,South,2,500,1000
1777,2026-02-15,Laptop,Accessories,South,1,500,500
1778,2026-02-16,Keyboard,Accessories,North,1,12000,12000
1779,2026-02-17,Printer,Electronics,South,5,25000,125000
1780,2026-02-18,Mouse,Electronics,West,5,500,2500
1781,2026-02-19,Laptop,Electronics,North,1,500,500
1782,2026-02-20,Headphones,Accessories,South,3,3000,9000
1783,2026-02-21,Keyboard,Accessories,North,3,1500,4500
1784,2026-02-22,Keyboard,Electronics,East,5,12000,60000
1785,2026-02-23,Laptop,Accessories,South,4,12000,48000
1786,2026-02-24,Printer,Electronics,West,1,1500,1500
1787,2026-02-25,Laptop,Electronics,South,5,500,2500
1788,2026-02-26,Mouse,Accessories,North,5,3000,15000
1789,2026-02-27,Laptop,Electronics,North,1,3000,3000
1790,2026-02-28,Keyboard,Accessories,South,1,12000,12000
1791,2026-03-01,Laptop,Electronics,West,3,3000,9000
1792,2026-03-02,Printer,Accessories,West,4,55000,220000
1793,2026-03-03,Headphones,Accessories,West,4,1500,6000
1794,2026-03-04,Monitor,Accessories,North,1,500,500
1795,2026-03-05,Laptop,Electronics,South,2,55000,110000
1796,2026-03-06,Printer,Electronics,East,5,1500,7500
1797,2026-03-07,Printer,Accessories,North,5,25000,125000
1798,2026-03-08,Headphones,Accessories,West,1,12000,12000
1799,2026-03-09,Keyboard,Electronics,South,2,3000,6000
1800,2026-03-10,Printer,Electronics,West,3,25000,75000
1801,2026-03-11,Printer,Electronics,East,1,3000,3000
1802,2026-03-12,Printer,Accessories,West,1,55000,55000
1803,2026-03-13,Printer,Electronics,West,5,500,2500
1804,2026-03-14,Mouse,Electronics,East,1,500,500
1805,2026-03-15,Mouse,Accessories,South,1,500,500
1806,2026-03-16,Keyboard,Electronics,North,1,3000,3000
1807,2026-03-17,Laptop,Electronics,South,5,25000,125000
1808,2026-03-18,Printer,Electronics,East,3,500,1500
1809,2026-03-19,Headphones,Accessories,West,3,25000,75000
1810,2026-03-20,Laptop,Accessories,South,1,3000,3000
1811,2026-03-21,Headphones,Accessories,North,5,55000,275000
1812,2026-03-22,Laptop,Accessories,East,3,25000,75000
1813,2026-03-23,Keyboard,Accessories,South,3,55000,165000
1814,2026-03-24,Printer,Accessories,North,3,3000,9000
1815,2026-03-25,Printer,Accessories,East,5,3000,15000
1816,2026-03-26,Monitor,Electronics,North,5,12000,60000
1817,2026-03-27,Headphones,Electronics,East,1,3000,3000
1818,2026-03-28,Laptop,Accessories,West,4,3000,12000
1819,2026-03-29,Laptop,Electronics,South,3,1500,4500
1820,2026-03-30,Mouse,Electronics,North,4,500,2000
1821,2026-03-31,Monitor,Accessories,East,5,12000,60000
1822,2026-04-01,Mouse,Electronics,North,5,12000,60000
1823,2026-04-02,Mouse,Electronics,North,5,12000,60000
1824,2026-04-03,Mouse,Electronics,South,4,1500,6000
1825,2026-04-04,Headphones,Electronics,West,5,55000,275000
1826,2026-04-05,Headphones,Electronics,North,1,3000,3000
1827,2026-04-06,Keyboard,Accessories,East,5,500,2500
1828,2026-04-07,Keyboard,Accessories,East,2,25000,50000
1829,2026-04-08,Mouse,Accessories,West,4,55000,220000
1830,2026-04-09,Monitor,Electronics,East,2,3000,6000
1831,2026-04-10,Laptop,Accessories,West,5,1500,7500
1832,2026-04-11,Headphones,Electronics,East,1,3000,3000
1833,2026-04-12,Monitor,Electronics,South,3,3000,9000
1834,2026-04-13,Printer,Electronics,North,5,1500,7500
1835,2026-04-14,Headphones,Electronics,South,1,12000,12000
1836,2026-04-15,Headphones,Accessories,North,4,12000,48000
1837,2026-04-16,Keyboard,Accessories,North,2,500,1000
1838,2026-04-17,Laptop,Electronics,North,2,500,1000
1839,2026-04-18,Laptop,Accessories,South,2,12000,24000
1840,2026-04-19,Printer,Electronics,North,4,55000,220000
1841,2026-04-20,Printer,Accessories,South,1,25000,25000
1842,2026-04-21,Headphones,Accessories,West,4,3000,12000
1843,2026-04-22,Mouse,Electronics,East,2,25000,50000
1844,2026-04-23,Keyboard,Accessories,East,5,3000,15000
1845,2026-04-24,Keyboard,Electronics,North,3,12000,36000
1846,2026-04-25,Headphones,Accessories,South,4,500,2000
1847,2026-04-26,Monitor,Electronics,East,4,55000,220000
1848,2026-04-27,Mouse,Electronics,South,1,500,500
1849,2026-04-28,Headphones,Accessories,South,1,25000,25000
1850,2026-04-29,Mouse,Accessories,North,4,500,2000
1851,2026-04-30,Mouse,Electronics,East,2,12000,24000
1852,2026-05-01,Mouse,Accessories,North,3,55000,165000
1853,2026-05-02,Headphones,Accessories,North,1,25000,25000
1854,2026-05-03,Keyboard,Electronics,East,2,55000,110000
1855,2026-05-04,Keyboard,Electronics,East,5,3000,15000
1856,2026-05-05,Mouse,Accessories,West,1,500,500
1857,2026-05-06,Monitor,Electronics,West,2,55000,110000
1858,2026-05-07,Laptop,Electronics,South,2,1500,3000
1859,2026-05-08,Headphones,Electronics,East,3,500,1500
1860,2026-05-09,Laptop,Accessories,West,3,3000,9000
1861,2026-05-10,Monitor,Accessories,South,5,55000,275000
1862,2026-05-11,Headphones,Electronics,South,2,25000,50000
1863,2026-05-12,Mouse,Accessories,South,2,3000,6000
1864,2026-05-13,Keyboard,Electronics,West,3,1500,4500
1865,2026-05-14,Laptop,Accessories,East,1,55000,55000
1866,2026-05-15,Printer,Electronics,North,1,12000,12000
1867,2026-05-16,Printer,Electronics,South,4,500,2000
1868,2026-05-17,Monitor,Accessories,West,3,25000,75000
1869,2026-05-18,Mouse,Electronics,West,4,12000,48000
1870,2026-05-19,Laptop,Accessories,North,3,55000,165000
1871,2026-05-20,Mouse,Accessories,North,5,55000,275000
1872,2026-05-21,Laptop,Electronics,West,2,3000,6000
1873,2026-05-22,Monitor,Electronics,East,5,55000,275000
1874,2026-05-23,Monitor,Accessories,North,3,25000,75000
1875,2026-05-24,Printer,Electronics,West,2,12000,24000
1876,2026-05-25,Mouse,Electronics,North,1,25000,25000
1877,2026-05-26,Headphones,Electronics,East,1,1500,1500
1878,2026-05-27,Printer,Electronics,South,4,1500,6000
1879,2026-05-28,Mouse,Electronics,North,3,500,1500
1880,2026-05-29,Printer,Accessories,East,3,500,1500
1881,2026-05-30,Headphones,Accessories,West,1,1500,1500
1882,2026-05-31,Keyboard,Electronics,North,5,55000,275000
1883,2026-06-01,Keyboard,Electronics,North,2,25000,50000
1884,2026-06-02,Keyboard,Electronics,West,5,1500,7500
1885,2026-06-03,Keyboard,Accessories,South,5,500,2500
1886,2026-06-04,Laptop,Electronics,West,1,1500,1500
1887,2026-06-05,Keyboard,Accessories,North,1,55000,55000
1888,2026-06-06,Headphones,Accessories,West,1,1500,1500
1889,2026-06-07,Monitor,Accessories,East,4,25000,100000
1890,2026-06-08,Monitor,Electronics,West,5,12000,60000
1891,2026-06-09,Laptop,Accessories,North,3,55000,165000
1892,2026-06-10,Keyboard,Electronics,West,2,500,1000
1893,2026-06-11,Keyboard,Accessories,South,4,25000,100000
1894,2026-06-12,Keyboard,Electronics,West,3,1500,4500
1895,2026-06-13,Printer,Accessories,South,5,1500,7500
1896,2026-06-14,Mouse,Electronics,East,1,12000,12000
1897,2026-06-15,Printer,Accessories,South,5,500,2500
1898,2026-06-16,Mouse,Electronics,West,2,500,1000
1899,2026-06-17,Keyboard,Electronics,North,4,3000,12000
1900,2026-06-18,Keyboard,Electronics,South,4,500,2000
1901,2026-06-19,Printer,Electronics,East,2,12000,24000
1902,2026-06-20,Printer,Accessories,South,3,3000,9000
1903,2026-06-21,Mouse,Accessories,South,3,3000,9000
1904,2026-06-22,Monitor,Electronics,South,4,1500,6000
1905,2026-06-23,Mouse,Accessories,East,4,1500,6000
1906,2026-06-24,Printer,Electronics,West,1,500,500
1907,2026-06-25,Headphones,Electronics,South,3,3000,9000
1908,2026-06-26,Printer,Accessories,South,2,1500,3000
1909,2026-06-27,Headphones,Electronics,North,3,12000,36000
1910,2026-06-28,Laptop,Electronics,East,1,1500,1500
1911,2026-06-29,Printer,Accessories,South,4,55000,220000
1912,2026-06-30,Laptop,Electronics,East,4,55000,220000
1913,2026-07-01,Monitor,Electronics,South,1,1500,1500
1914,2026-07-02,Mouse,Electronics,West,2,3000,6000
1915,2026-07-03,Headphones,Electronics,West,4,3000,12000
1916,2026-07-04,Mouse,Accessories,South,5,25000,125000
1917,2026-07-05,Laptop,Accessories,West,4,55000,220000
1918,2026-07-06,Headphones,Accessories,South,5,12000,60000
1919,2026-07-07,Mouse,Electronics,West,1,3000,3000
1920,2026-07-08,Printer,Electronics,North,1,500,500
1921,2026-07-09,Keyboard,Accessories,North,4,55000,220000
1922,2026-07-10,Laptop,Electronics,North,3,12000,36000
1923,2026-07-11,Mouse,Electronics,East,5,12000,60000
1924,2026-07-12,Laptop,Electronics,East,2,3000,6000
1925,2026-07-13,Laptop,Electronics,North,4,12000,48000
1926,2026-07-14,Headphones,Accessories,East,2,3000,6000
1927,2026-07-15,Headphones,Accessories,West,4,1500,6000
1928,2026-07-16,Keyboard,Accessories,South,3,55000,165000
1929,2026-07-17,Printer,Electronics,South,3,25000,75000
1930,2026-07-18,Laptop,Accessories,South,3,1500,4500
1931,2026-07-19,Mouse,Accessories,North,3,55000,165000
1932,2026-07-20,Monitor,Electronics,East,1,3000,3000
1933,2026-07-21,Laptop,Electronics,West,1,55000,55000
1934,2026-07-22,Laptop,Accessories,West,5,3000,15000
1935,2026-07-23,Keyboard,Accessories,North,2,1500,3000
1936,2026-07-24,Printer,Accessories,West,4,500,2000
1937,2026-07-25,Monitor,Accessories,West,4,500,2000
1938,2026-07-26,Headphones,Electronics,West,1,55000,55000
1939,2026-07-27,Headphones,Accessories,West,4,500,2000
1940,2026-07-28,Mouse,Accessories,East,1,3000,3000
1941,2026-07-29,Monitor,Electronics,West,5,12000,60000
1942,2026-07-30,Headphones,Accessories,South,2,3000,6000
1943,2026-07-31,Mouse,Electronics,North,5,12000,60000
1944,2026-08-01,Printer,Electronics,East,3,1500,4500
1945,2026-08-02,Mouse,Electronics,West,3,25000,75000
1946,2026-08-03,Headphones,Accessories,East,3,12000,36000
1947,2026-08-04,Keyboard,Accessories,West,5,500,2500
1948,2026-08-05,Keyboard,Electronics,South,4,3000,12000
1949,2026-08-06,Keyboard,Accessories,North,2,1500,3000
1950,2026-08-07,Headphones,Accessories,West,3,500,1500
1951,2026-08-08,Keyboard,Electronics,West,3,1500,4500
1952,2026-08-09,Monitor,Electronics,West,3,25000,75000
1953,2026-08-10,Printer,Accessories,West,2,3000,6000
1954,2026-08-11,Mouse,Electronics,North,3,55000,165000
1955,2026-08-12,Mouse,Accessories,North,2,3000,6000
1956,2026-08-13,Headphones,Accessories,South,3,25000,75000
1957,2026-08-14,Keyboard,Accessories,North,5,3000,15000
1958,2026-08-15,Keyboard,Accessories,West,5,55000,275000
1959,2026-08-16,Laptop,Electronics,South,2,12000,24000
1960,2026-08-17,Printer,Electronics,South,5,1500,7500
1961,2026-08-18,Monitor,Electronics,South,2,55000,110000
1962,2026-08-19,Mouse,Electronics,West,5,500,2500
1963,2026-08-20,Laptop,Accessories,East,5,25000,125000
1964,2026-08-21,Laptop,Accessories,West,2,12000,24000
1965,2026-08-22,Headphones,Electronics,North,4,500,2000
1966,2026-08-23,Mouse,Accessories,North,5,500,2500
1967,2026-08-24,Headphones,Accessories,West,3,25000,75000
1968,2026-08-25,Monitor,Accessories,West,4,12000,48000
1969,2026-08-26,Laptop,Electronics,South,2,500,1000
1970,2026-08-27,Laptop,Electronics,West,4,500,2000
1971,2026-08-28,Printer,Electronics,South,1,12000,12000
1972,2026-08-29,Monitor,Accessories,North,1,3000,3000
1973,2026-08-30,Laptop,Electronics,South,5,500,2500
1974,2026-08-31,Monitor,Electronics,West,5,1500,7500
1975,2026-09-01,Mouse,Electronics,North,3,12000,36000
1976,2026-09-02,Keyboard,Electronics,East,4,500,2000
1977,2026-09-03,Laptop,Electronics,South,1,25000,25000
1978,2026-09-04,Printer,Electronics,North,5,55000,275000
1979,2026-09-05,Mouse,Accessories,South,4,1500,6000
1980,2026-09-06,Monitor,Accessories,North,5,55000,275000
1981,2026-09-07,Headphones,Electronics,North,5,55000,275000
1982,2026-09-08,Mouse,Electronics,South,1,500,500
1983,2026-09-09,Laptop,Accessories,East,1,1500,1500
1984,2026-09-10,Monitor,Accessories,North,5,1500,7500
1985,2026-09-11,Keyboard,Electronics,North,2,3000,6000
1986,2026-09-12,Mouse,Electronics,North,5,55000,275000
1987,2026-09-13,Laptop,Electronics,East,5,1500,7500
1988,2026-09-14,Printer,Electronics,East,3,3000,9000
1989,2026-09-15,Headphones,Accessories,West,3,12000,36000
1990,2026-09-16,Monitor,Electronics,South,3,3000,9000
1991,2026-09-17,Mouse,Electronics,East,2,25000,50000
1992,2026-09-18,Mouse,Electronics,South,2,500,1000
1993,2026-09-19,Keyboard,Electronics,West,5,12000,60000
1994,2026-09-20,Keyboard,Accessories,South,3,12000,36000
1995,2026-09-21,Printer,Accessories,East,2,25000,50000
1996,2026-09-22,Headphones,Accessories,South,1,3000,3000
1997,2026-09-23,Printer,Electronics,East,5,500,2500
1998,2026-09-24,Laptop,Electronics,South,4,3000,12000
1999,2026-09-25,Laptop,Accessories,East,5,1500,7500
2000,2026-09-26,Printer,Electronics,East,4,3000,12000
